{
  "type": "page",
  "meta": {
    "id": "learnify-01",
    "title": "Get Started",
    "createDate": 1736784000000,
    "tags": []
  },
  "blocks": {
    "type": "block",
    "id": "root-learnify-01",
    "flavour": "affine:page",
    "version": 2,
    "props": {
      "title": {
        "$blocksuite:internal:text$": true,
        "delta": [
          {
            "insert": "Get Started"
          }
        ]
      }
    },
    "children": [
      {
        "type": "block",
        "id": "note-learnify-01",
        "flavour": "affine:note",
        "version": 1,
        "props": {
          "xywh": "[217.71419062332166,2.9621863827894686,800,2500]",
          "background": {
            "dark": "#000000",
            "light": "#ffffff"
          },
          "index": "Zy",
          "lockedBySelf": false,
          "hidden": false,
          "displayMode": "both",
          "edgeless": {
            "style": {
              "borderRadius": 8,
              "borderSize": 4,
              "borderStyle": "none",
              "shadowType": "--affine-note-shadow-box"
            },
            "collapse": false
          }
        },
        "children": [
          {
            "type": "block",
            "id": "welcome-title",
            "flavour": "affine:paragraph",
            "version": 1,
            "props": {
              "type": "h1",
              "text": {
                "$blocksuite:internal:text$": true,
                "delta": [
                  {
                    "insert": "Welcome to Learnify! 🎓"
                  }
                ]
              },
              "collapsed": false
            },
            "children": []
          },
          {
            "type": "block",
            "id": "intro-text",
            "flavour": "affine:paragraph",
            "version": 1,
            "props": {
              "type": "text",
              "text": {
                "$blocksuite:internal:text$": true,
                "delta": [
                  {
                    "insert": "Learnify is your AI-powered learning companion that helps you master new knowledge faster and more effectively. Transform any learning material into interactive study tools with the power of AI."
                  }
                ]
              },
              "collapsed": false
            },
            "children": []
          },
          {
            "type": "block",
            "id": "divider-1",
            "flavour": "affine:divider",
            "version": 1,
            "props": {},
            "children": []
          },
          {
            "type": "block",
            "id": "how-it-works",
            "flavour": "affine:paragraph",
            "version": 1,
            "props": {
              "type": "h2",
              "text": {
                "$blocksuite:internal:text$": true,
                "delta": [
                  {
                    "insert": "🚀 How It Works"
                  }
                ]
              },
              "collapsed": false
            },
            "children": []
          },
          {
            "type": "block",
            "id": "step-1",
            "flavour": "affine:list",
            "version": 1,
            "props": {
              "type": "numbered",
              "text": {
                "$blocksuite:internal:text$": true,
                "delta": [
                  {
                    "insert": "Upload Your Materials",
                    "attributes": {
                      "bold": true
                    }
                  },
                  {
                    "insert": " - Drop any learning content: PDFs, documents, videos, or web links"
                  }
                ]
              },
              "collapsed": false,
              "order": 1
            },
            "children": []
          },
          {
            "type": "block",
            "id": "step-2",
            "flavour": "affine:list",
            "version": 1,
            "props": {
              "type": "numbered",
              "text": {
                "$blocksuite:internal:text$": true,
                "delta": [
                  {
                    "insert": "AI Processes Your Content",
                    "attributes": {
                      "bold": true
                    }
                  },
                  {
                    "insert": " - Our AI analyzes and understands your materials in depth"
                  }
                ]
              },
              "collapsed": false,
              "order": 2
            },
            "children": []
          },
          {
            "type": "block",
            "id": "step-3",
            "flavour": "affine:list",
            "version": 1,
            "props": {
              "type": "numbered",
              "text": {
                "$blocksuite:internal:text$": true,
                "delta": [
                  {
                    "insert": "Get Interactive Study Tools",
                    "attributes": {
                      "bold": true
                    }
                  },
                  {
                    "insert": " - Instantly generate mind maps, notes, flashcards, and more"
                  }
                ]
              },
              "collapsed": false,
              "order": 3
            },
            "children": []
          },
          {
            "type": "block",
            "id": "step-4",
            "flavour": "affine:list",
            "version": 1,
            "props": {
              "type": "numbered",
              "text": {
                "$blocksuite:internal:text$": true,
                "delta": [
                  {
                    "insert": "Learn with AI Support",
                    "attributes": {
                      "bold": true
                    }
                  },
                  {
                    "insert": " - Chat with AI about your materials and track your progress"
                  }
                ]
              },
              "collapsed": false,
              "order": 4
            },
            "children": []
          },
          {
            "type": "block",
            "id": "divider-2",
            "flavour": "affine:divider",
            "version": 1,
            "props": {},
            "children": []
          },
          {
            "type": "block",
            "id": "key-features",
            "flavour": "affine:paragraph",
            "version": 1,
            "props": {
              "type": "h2",
              "text": {
                "$blocksuite:internal:text$": true,
                "delta": [
                  {
                    "insert": "✨ Key Features"
                  }
                ]
              },
              "collapsed": false
            },
            "children": []
          },
          {
            "type": "block",
            "id": "feature-mindmaps",
            "flavour": "affine:paragraph",
            "version": 1,
            "props": {
              "type": "h3",
              "text": {
                "$blocksuite:internal:text$": true,
                "delta": [
                  {
                    "insert": "🧠 AI Mind Maps"
                  }
                ]
              },
              "collapsed": false
            },
            "children": []
          },
          {
            "type": "block",
            "id": "mindmap-desc",
            "flavour": "affine:paragraph",
            "version": 1,
            "props": {
              "type": "text",
              "text": {
                "$blocksuite:internal:text$": true,
                "delta": [
                  {
                    "insert": "Visualize complex topics with automatically generated mind maps that show connections and hierarchies in your learning materials."
                  }
                ]
              },
              "collapsed": false
            },
            "children": []
          },
          {
            "type": "block",
            "id": "mindmap-image",
            "flavour": "affine:paragraph",
            "version": 1,
            "props": {
              "type": "quote",
              "text": {
                "$blocksuite:internal:text$": true,
                "delta": [
                  {
                    "insert": "[Image placeholder: Screenshot of an AI-generated mind map showing a complex topic broken down into interconnected nodes with colorful branches]"
                  }
                ]
              },
              "collapsed": false
            },
            "children": []
          },
          {
            "type": "block",
            "id": "feature-notes",
            "flavour": "affine:paragraph",
            "version": 1,
            "props": {
              "type": "h3",
              "text": {
                "$blocksuite:internal:text$": true,
                "delta": [
                  {
                    "insert": "📝 Smart Notes"
                  }
                ]
              },
              "collapsed": false
            },
            "children": []
          },
          {
            "type": "block",
            "id": "notes-desc",
            "flavour": "affine:paragraph",
            "version": 1,
            "props": {
              "type": "text",
              "text": {
                "$blocksuite:internal:text$": true,
                "delta": [
                  {
                    "insert": "Get concise, structured notes that capture key concepts, definitions, and important details from your materials."
                  }
                ]
              },
              "collapsed": false
            },
            "children": []
          },
          {
            "type": "block",
            "id": "feature-flashcards",
            "flavour": "affine:paragraph",
            "version": 1,
            "props": {
              "type": "h3",
              "text": {
                "$blocksuite:internal:text$": true,
                "delta": [
                  {
                    "insert": "🎯 Interactive Flashcards"
                  }
                ]
              },
              "collapsed": false
            },
            "children": []
          },
          {
            "type": "block",
            "id": "flashcards-desc",
            "flavour": "affine:paragraph",
            "version": 1,
            "props": {
              "type": "text",
              "text": {
                "$blocksuite:internal:text$": true,
                "delta": [
                  {
                    "insert": "Practice with AI-generated flashcards including:"
                  }
                ]
              },
              "collapsed": false
            },
            "children": []
          },
          {
            "type": "block",
            "id": "flashcard-types",
            "flavour": "affine:list",
            "version": 1,
            "props": {
              "type": "bulleted",
              "text": {
                "$blocksuite:internal:text$": true,
                "delta": [
                  {
                    "insert": "Q&A flashcards for concept review"
                  }
                ]
              },
              "collapsed": false
            },
            "children": []
          },
          {
            "type": "block",
            "id": "flashcard-types-2",
            "flavour": "affine:list",
            "version": 1,
            "props": {
              "type": "bulleted",
              "text": {
                "$blocksuite:internal:text$": true,
                "delta": [
                  {
                    "insert": "Multiple choice questions for testing comprehension"
                  }
                ]
              },
              "collapsed": false
            },
            "children": []
          },
          {
            "type": "block",
            "id": "flashcard-types-3",
            "flavour": "affine:list",
            "version": 1,
            "props": {
              "type": "bulleted",
              "text": {
                "$blocksuite:internal:text$": true,
                "delta": [
                  {
                    "insert": "Fill-in-the-blank exercises for active recall"
                  }
                ]
              },
              "collapsed": false
            },
            "children": []
          },
          {
            "type": "block",
            "id": "flashcard-types-4",
            "flavour": "affine:list",
            "version": 1,
            "props": {
              "type": "bulleted",
              "text": {
                "$blocksuite:internal:text$": true,
                "delta": [
                  {
                    "insert": "True/False questions for quick review"
                  }
                ]
              },
              "collapsed": false
            },
            "children": []
          },
          {
            "type": "block",
            "id": "feature-podcast",
            "flavour": "affine:paragraph",
            "version": 1,
            "props": {
              "type": "h3",
              "text": {
                "$blocksuite:internal:text$": true,
                "delta": [
                  {
                    "insert": "🎙️ AI Podcasts"
                  }
                ]
              },
              "collapsed": false
            },
            "children": []
          },
          {
            "type": "block",
            "id": "podcast-desc",
            "flavour": "affine:paragraph",
            "version": 1,
            "props": {
              "type": "text",
              "text": {
                "$blocksuite:internal:text$": true,
                "delta": [
                  {
                    "insert": "Turn your materials into engaging audio podcasts. Perfect for learning on the go or reinforcing concepts through audio repetition."
                  }
                ]
              },
              "collapsed": false
            },
            "children": []
          },
          {
            "type": "block",
            "id": "podcast-image",
            "flavour": "affine:paragraph",
            "version": 1,
            "props": {
              "type": "quote",
              "text": {
                "$blocksuite:internal:text$": true,
                "delta": [
                  {
                    "insert": "[Image placeholder: Audio player interface showing an AI-generated podcast with waveform visualization and playback controls]"
                  }
                ]
              },
              "collapsed": false
            },
            "children": []
          },
          {
            "type": "block",
            "id": "feature-chat",
            "flavour": "affine:paragraph",
            "version": 1,
            "props": {
              "type": "h3",
              "text": {
                "$blocksuite:internal:text$": true,
                "delta": [
                  {
                    "insert": "💬 AI Learning Assistant"
                  }
                ]
              },
              "collapsed": false
            },
            "children": []
          },
          {
            "type": "block",
            "id": "chat-desc",
            "flavour": "affine:paragraph",
            "version": 1,
            "props": {
              "type": "text",
              "text": {
                "$blocksuite:internal:text$": true,
                "delta": [
                  {
                    "insert": "Chat with our AI about your materials. Ask questions, get explanations, and dive deeper into topics with personalized guidance."
                  }
                ]
              },
              "collapsed": false
            },
            "children": []
          },
          {
            "type": "block",
            "id": "divider-3",
            "flavour": "affine:divider",
            "version": 1,
            "props": {},
            "children": []
          },
          {
            "type": "block",
            "id": "quick-start",
            "flavour": "affine:paragraph",
            "version": 1,
            "props": {
              "type": "h2",
              "text": {
                "$blocksuite:internal:text$": true,
                "delta": [
                  {
                    "insert": "🏁 Quick Start Guide"
                  }
                ]
              },
              "collapsed": false
            },
            "children": []
          },
          {
            "type": "block",
            "id": "quick-start-1",
            "flavour": "affine:list",
            "version": 1,
            "props": {
              "type": "bulleted",
              "text": {
                "$blocksuite:internal:text$": true,
                "delta": [
                  {
                    "insert": "Click on ",
                    "attributes": {
                      "bold": false
                    }
                  },
                  {
                    "insert": "\"Upload Materials\"",
                    "attributes": {
                      "bold": true,
                      "background": "var(--affine-text-highlight-purple)",
                      "color": "var(--affine-text-highlight-foreground-purple)"
                    }
                  },
                  {
                    "insert": " in the sidebar to add your first learning material"
                  }
                ]
              },
              "collapsed": false
            },
            "children": []
          },
          {
            "type": "block",
            "id": "quick-start-2",
            "flavour": "affine:list",
            "version": 1,
            "props": {
              "type": "bulleted",
              "text": {
                "$blocksuite:internal:text$": true,
                "delta": [
                  {
                    "insert": "Navigate to ",
                    "attributes": {
                      "bold": false
                    }
                  },
                  {
                    "insert": "\"Mind Maps\"",
                    "attributes": {
                      "bold": true,
                      "background": "var(--affine-text-highlight-blue)",
                      "color": "var(--affine-text-highlight-foreground-blue)"
                    }
                  },
                  {
                    "insert": " to see AI-generated visual summaries"
                  }
                ]
              },
              "collapsed": false
            },
            "children": []
          },
          {
            "type": "block",
            "id": "quick-start-3",
            "flavour": "affine:list",
            "version": 1,
            "props": {
              "type": "bulleted",
              "text": {
                "$blocksuite:internal:text$": true,
                "delta": [
                  {
                    "insert": "Check ",
                    "attributes": {
                      "bold": false
                    }
                  },
                  {
                    "insert": "\"Flashcards\"",
                    "attributes": {
                      "bold": true,
                      "background": "var(--affine-text-highlight-green)",
                      "color": "var(--affine-text-highlight-foreground-green)"
                    }
                  },
                  {
                    "insert": " to start practicing with interactive questions"
                  }
                ]
              },
              "collapsed": false
            },
            "children": []
          },
          {
            "type": "block",
            "id": "quick-start-4",
            "flavour": "affine:list",
            "version": 1,
            "props": {
              "type": "bulleted",
              "text": {
                "$blocksuite:internal:text$": true,
                "delta": [
                  {
                    "insert": "Open ",
                    "attributes": {
                      "bold": false
                    }
                  },
                  {
                    "insert": "\"AI Chat\"",
                    "attributes": {
                      "bold": true,
                      "background": "var(--affine-text-highlight-orange)",
                      "color": "var(--affine-text-highlight-foreground-orange)"
                    }
                  },
                  {
                    "insert": " to ask questions about your materials"
                  }
                ]
              },
              "collapsed": false
            },
            "children": []
          },
          {
            "type": "block",
            "id": "divider-4",
            "flavour": "affine:divider",
            "version": 1,
            "props": {},
            "children": []
          },
          {
            "type": "block",
            "id": "tips-title",
            "flavour": "affine:paragraph",
            "version": 1,
            "props": {
              "type": "h2",
              "text": {
                "$blocksuite:internal:text$": true,
                "delta": [
                  {
                    "insert": "💡 Pro Tips"
                  }
                ]
              },
              "collapsed": false
            },
            "children": []
          },
          {
            "type": "block",
            "id": "tip-1",
            "flavour": "affine:list",
            "version": 1,
            "props": {
              "type": "bulleted",
              "text": {
                "$blocksuite:internal:text$": true,
                "delta": [
                  {
                    "insert": "Upload multiple related materials to create comprehensive study sets"
                  }
                ]
              },
              "collapsed": false
            },
            "children": []
          },
          {
            "type": "block",
            "id": "tip-2",
            "flavour": "affine:list",
            "version": 1,
            "props": {
              "type": "bulleted",
              "text": {
                "$blocksuite:internal:text$": true,
                "delta": [
                  {
                    "insert": "Use spaced repetition with flashcards for better retention"
                  }
                ]
              },
              "collapsed": false
            },
            "children": []
          },
          {
            "type": "block",
            "id": "tip-3",
            "flavour": "affine:list",
            "version": 1,
            "props": {
              "type": "bulleted",
              "text": {
                "$blocksuite:internal:text$": true,
                "delta": [
                  {
                    "insert": "Customize AI-generated content to match your learning style"
                  }
                ]
              },
              "collapsed": false
            },
            "children": []
          },
          {
            "type": "block",
            "id": "tip-4",
            "flavour": "affine:list",
            "version": 1,
            "props": {
              "type": "bulleted",
              "text": {
                "$blocksuite:internal:text$": true,
                "delta": [
                  {
                    "insert": "Listen to AI podcasts during commutes or workouts"
                  }
                ]
              },
              "collapsed": false
            },
            "children": []
          },
          {
            "type": "block",
            "id": "tip-5",
            "flavour": "affine:list",
            "version": 1,
            "props": {
              "type": "bulleted",
              "text": {
                "$blocksuite:internal:text$": true,
                "delta": [
                  {
                    "insert": "Track your progress and focus on areas that need improvement"
                  }
                ]
              },
              "collapsed": false
            },
            "children": []
          },
          {
            "type": "block",
            "id": "divider-5",
            "flavour": "affine:divider",
            "version": 1,
            "props": {},
            "children": []
          },
          {
            "type": "block",
            "id": "ready",
            "flavour": "affine:paragraph",
            "version": 1,
            "props": {
              "type": "text",
              "text": {
                "$blocksuite:internal:text$": true,
                "delta": [
                  {
                    "insert": "Ready to transform your learning experience? ",
                    "attributes": {
                      "italic": true
                    }
                  },
                  {
                    "insert": "Upload your first material and let Learnify do the magic! ✨",
                    "attributes": {
                      "bold": true,
                      "italic": true
                    }
                  }
                ]
              },
              "collapsed": false
            },
            "children": []
          }
        ]
      }
    ]
  }
}