{
  "type": "page",
  "meta": {
    "id": "learnify-03",
    "title": "Podcast Sample",
    "createDate": 1736784000000,
    "tags": []
  },
  "blocks": {
    "type": "block",
    "id": "root-learnify-03",
    "flavour": "affine:page",
    "version": 2,
    "props": {
      "title": {
        "$blocksuite:internal:text$": true,
        "delta": [
          {
            "insert": "Podcast Sample"
          }
        ]
      }
    },
    "children": [
      {
        "type": "block",
        "id": "note-learnify-03",
        "flavour": "affine:note",
        "version": 1,
        "props": {
          "xywh": "[217.71419062332166,2.9621863827894686,800,600]",
          "background": {
            "dark": "#000000",
            "light": "#ffffff"
          },
          "index": "Zy",
          "lockedBySelf": false,
          "hidden": false,
          "displayMode": "both",
          "edgeless": {
            "style": {
              "borderRadius": 8,
              "borderSize": 4,
              "borderStyle": "none",
              "shadowType": "--affine-note-shadow-box"
            },
            "collapse": false
          }
        },
        "children": [
          {
            "type": "block",
            "id": "podcast-title",
            "flavour": "affine:paragraph",
            "version": 1,
            "props": {
              "type": "h1",
              "text": {
                "$blocksuite:internal:text$": true,
                "delta": [
                  {
                    "insert": "AI Podcast Sample"
                  }
                ]
              },
              "collapsed": false
            },
            "children": []
          },
          {
            "type": "block",
            "id": "podcast-placeholder",
            "flavour": "affine:paragraph",
            "version": 1,
            "props": {
              "type": "text",
              "text": {
                "$blocksuite:internal:text$": true,
                "delta": [
                  {
                    "insert": "This is a placeholder document for AI-generated podcasts. Mock data will be added here for demonstration purposes."
                  }
                ]
              },
              "collapsed": false
            },
            "children": []
          },
          {
            "type": "block",
            "id": "divider-podcast",
            "flavour": "affine:divider",
            "version": 1,
            "props": {},
            "children": []
          },
          {
            "type": "block",
            "id": "podcast-mock-title",
            "flavour": "affine:paragraph",
            "version": 1,
            "props": {
              "type": "h2",
              "text": {
                "$blocksuite:internal:text$": true,
                "delta": [
                  {
                    "insert": "🎙️ Mock Podcast Data"
                  }
                ]
              },
              "collapsed": false
            },
            "children": []
          },
          {
            "type": "block",
            "id": "podcast-mock-desc",
            "flavour": "affine:paragraph",
            "version": 1,
            "props": {
              "type": "text",
              "text": {
                "$blocksuite:internal:text$": true,
                "delta": [
                  {
                    "insert": "To be populated with:"
                  }
                ]
              },
              "collapsed": false
            },
            "children": []
          },
          {
            "type": "block",
            "id": "podcast-list-1",
            "flavour": "affine:list",
            "version": 1,
            "props": {
              "type": "bulleted",
              "text": {
                "$blocksuite:internal:text$": true,
                "delta": [
                  {
                    "insert": "Audio player interface"
                  }
                ]
              },
              "collapsed": false
            },
            "children": []
          },
          {
            "type": "block",
            "id": "podcast-list-2",
            "flavour": "affine:list",
            "version": 1,
            "props": {
              "type": "bulleted",
              "text": {
                "$blocksuite:internal:text$": true,
                "delta": [
                  {
                    "insert": "Transcript display"
                  }
                ]
              },
              "collapsed": false
            },
            "children": []
          },
          {
            "type": "block",
            "id": "podcast-list-3",
            "flavour": "affine:list",
            "version": 1,
            "props": {
              "type": "bulleted",
              "text": {
                "$blocksuite:internal:text$": true,
                "delta": [
                  {
                    "insert": "Episode metadata"
                  }
                ]
              },
              "collapsed": false
            },
            "children": []
          },
          {
            "type": "block",
            "id": "podcast-list-4",
            "flavour": "affine:list",
            "version": 1,
            "props": {
              "type": "bulleted",
              "text": {
                "$blocksuite:internal:text$": true,
                "delta": [
                  {
                    "insert": "Learning highlights"
                  }
                ]
              },
              "collapsed": false
            },
            "children": []
          },
          {
            "type": "block",
            "id": "podcast-list-5",
            "flavour": "affine:list",
            "version": 1,
            "props": {
              "type": "bulleted",
              "text": {
                "$blocksuite:internal:text$": true,
                "delta": [
                  {
                    "insert": "Key takeaways"
                  }
                ]
              },
              "collapsed": false
            },
            "children": []
          }
        ]
      }
    ]
  }
}